method,task,learner,dpc,k,num_synthetic_examples,metric,score,score_std,accuracy_mean,accuracy_std,f1_mean,f1_std,macro_f1_mean,macro_f1_std,n_dataset,seed,selection_time_sec,eval_time_sec,elapsed_sec_mean,runs,source_path
random,ag_news,albert-base-v2,1,4,4,accuracy,0.5296491228070176,,0.5296491228070176,,,,,,,,,,,,results/scaling_laws/scaling_laws_all_methods.csv
random,ag_news,albert-base-v2,5,20,20,accuracy,0.629561403508772,,0.629561403508772,,,,,,,,,,,,results/scaling_laws/scaling_laws_all_methods.csv
random,ag_news,albert-base-v2,10,40,40,accuracy,0.7557456140350877,,0.7557456140350877,,,,,,,,,,,,results/scaling_laws/scaling_laws_all_methods.csv
random,ag_news,albert-base-v2,20,80,80,accuracy,0.7818421052631579,,0.7818421052631579,,,,,,,,,,,,results/scaling_laws/scaling_laws_all_methods.csv
random,ag_news,albert-base-v2,50,200,200,accuracy,0.8343859649122808,,0.8343859649122808,,,,,,,,,,,,results/scaling_laws/scaling_laws_all_methods.csv
random,ag_news,albert-base-v2,100,400,400,accuracy,0.8625877192982457,,0.8625877192982457,,,,,,,,,,,,results/scaling_laws/scaling_laws_all_methods.csv
random,ag_news,albert-base-v2,500,2000,2000,accuracy,0.8937280701754386,,0.8937280701754386,,,,,,,,,,,,results/scaling_laws/scaling_laws_all_methods.csv
random,ag_news,albert-base-v2,1000,4000,4000,accuracy,0.902017543859649,,0.902017543859649,,,,,,,,,,,,results/scaling_laws/scaling_laws_all_methods.csv
random,ag_news,bert-base-uncased,1,4,4,accuracy,0.6773245614035087,,0.6773245614035087,,,,,,,,,,,,results/scaling_laws/scaling_laws_all_methods.csv
random,ag_news,bert-base-uncased,5,20,20,accuracy,0.6919298245614035,,0.6919298245614035,,,,,,,,,,,,results/scaling_laws/scaling_laws_all_methods.csv
random,ag_news,bert-base-uncased,10,40,40,accuracy,0.792280701754386,,0.792280701754386,,,,,,,,,,,,results/scaling_laws/scaling_laws_all_methods.csv
random,ag_news,bert-base-uncased,20,80,80,accuracy,0.7990789473684211,,0.7990789473684211,,,,,,,,,,,,results/scaling_laws/scaling_laws_all_methods.csv
random,ag_news,bert-base-uncased,50,200,200,accuracy,0.8503070175438596,,0.8503070175438596,,,,,,,,,,,,results/scaling_laws/scaling_laws_all_methods.csv
random,ag_news,bert-base-uncased,100,400,400,accuracy,0.8743859649122806,,0.8743859649122806,,,,,,,,,,,,results/scaling_laws/scaling_laws_all_methods.csv
random,ag_news,bert-base-uncased,500,2000,2000,accuracy,0.898640350877193,,0.898640350877193,,,,,,,,,,,,results/scaling_laws/scaling_laws_all_methods.csv
random,ag_news,bert-base-uncased,1000,4000,4000,accuracy,0.9126754385964913,,0.9126754385964913,,,,,,,,,,,,results/scaling_laws/scaling_laws_all_methods.csv
random,ag_news,roberta-base,1,4,4,accuracy,0.6278947368421052,,0.6278947368421052,,,,,,,,,,,,results/scaling_laws/scaling_laws_all_methods.csv
random,ag_news,roberta-base,5,20,20,accuracy,0.7532894736842106,,0.7532894736842106,,,,,,,,,,,,results/scaling_laws/scaling_laws_all_methods.csv
random,ag_news,roberta-base,10,40,40,accuracy,0.793859649122807,,0.793859649122807,,,,,,,,,,,,results/scaling_laws/scaling_laws_all_methods.csv
random,ag_news,roberta-base,20,80,80,accuracy,0.822236842105263,,0.822236842105263,,,,,,,,,,,,results/scaling_laws/scaling_laws_all_methods.csv
random,ag_news,roberta-base,50,200,200,accuracy,0.8635964912280701,,0.8635964912280701,,,,,,,,,,,,results/scaling_laws/scaling_laws_all_methods.csv
random,ag_news,roberta-base,100,400,400,accuracy,0.8748684210526315,,0.8748684210526315,,,,,,,,,,,,results/scaling_laws/scaling_laws_all_methods.csv
random,ag_news,roberta-base,500,2000,2000,accuracy,0.9043859649122808,,0.9043859649122808,,,,,,,,,,,,results/scaling_laws/scaling_laws_all_methods.csv
random,ag_news,roberta-base,500,2000,2000,accuracy,0.9043859649122807,,0.9043859649122807,,,,,,,,,,,,scaling_laws_coreset_report/scaling_laws_all_methods.csv
random,ag_news,roberta-base,1000,4000,4000,accuracy,0.9146929824561404,,0.9146929824561404,,,,,,,,,,,,results/scaling_laws/scaling_laws_all_methods.csv
random,sst2,bert-base-uncased,1,2,2,accuracy,0.5286697247706422,,0.5286697247706422,,,,,,,,,,,,results/scaling_laws/scaling_laws_all_methods.csv
random,sst2,bert-base-uncased,5,10,10,accuracy,0.5462538226299695,,0.5462538226299695,,,,,,,,,,,,results/scaling_laws/scaling_laws_all_methods.csv
random,sst2,bert-base-uncased,10,20,20,accuracy,0.7190366972477064,,0.7190366972477064,,,,,,,,,,,,results/scaling_laws/scaling_laws_all_methods.csv
random,sst2,bert-base-uncased,20,40,40,accuracy,0.7813455657492354,,0.7813455657492354,,,,,,,,,,,,results/scaling_laws/scaling_laws_all_methods.csv
random,sst2,bert-base-uncased,50,100,100,accuracy,0.8138379204892967,,0.8138379204892967,,,,,,,,,,,,results/scaling_laws/scaling_laws_all_methods.csv
random,sst2,bert-base-uncased,100,200,200,accuracy,0.8249235474006116,,0.8249235474006116,,,,,,,,,,,,results/scaling_laws/scaling_laws_all_methods.csv
random,sst2,bert-base-uncased,500,1000,1000,accuracy,0.8757645259938839,,0.8757645259938839,,,,,,,,,,,,results/scaling_laws/scaling_laws_all_methods.csv
random,sst2,bert-base-uncased,1000,2000,2000,accuracy,0.8837920489296636,,0.8837920489296636,,,,,,,,,,,,results/scaling_laws/scaling_laws_all_methods.csv
random,sst2,roberta-base,1,2,2,accuracy,0.5653669724770642,,0.5653669724770642,,,,,,,,,,,,results/scaling_laws/scaling_laws_all_methods.csv
random,sst2,roberta-base,5,10,10,accuracy,0.6188837920489296,,0.6188837920489296,,,,,,,,,,,,results/scaling_laws/scaling_laws_all_methods.csv
random,sst2,roberta-base,10,20,20,accuracy,0.698776758409786,,0.698776758409786,,,,,,,,,,,,results/scaling_laws/scaling_laws_all_methods.csv
random,sst2,roberta-base,20,40,40,accuracy,0.7706422018348625,,0.7706422018348625,,,,,,,,,,,,results/scaling_laws/scaling_laws_all_methods.csv
random,sst2,roberta-base,50,100,100,accuracy,0.7920489296636086,,0.7920489296636086,,,,,,,,,,,,results/scaling_laws/scaling_laws_all_methods.csv
random,sst2,roberta-base,100,200,200,accuracy,0.8581804281345565,,0.8581804281345565,,,,,,,,,,,,results/scaling_laws/scaling_laws_all_methods.csv
random,sst2,roberta-base,500,1000,1000,accuracy,0.8987003058103976,,0.8987003058103976,,,,,,,,,,,,results/scaling_laws/scaling_laws_all_methods.csv
random,sst2,roberta-base,1000,2000,2000,accuracy,0.9086391437308868,,0.9086391437308868,,,,,,,,,,,,results/scaling_laws/scaling_laws_all_methods.csv
random,sst2,roberta-base,1000,2000,2000,accuracy,0.9086391437308867,,0.9086391437308867,,,,,,,,,,,,scaling_laws_coreset_report/scaling_laws_all_methods.csv
k_centers,ag_news,albert-base-v2,1,4,4,accuracy,0.4234649122807017,,0.4234649122807017,,,,,,,,,,,,results/scaling_laws/scaling_laws_all_methods.csv
k_centers,ag_news,albert-base-v2,5,20,20,accuracy,0.791578947368421,,0.791578947368421,,,,,,,,,,,,results/scaling_laws/scaling_laws_all_methods.csv
k_centers,ag_news,albert-base-v2,10,40,40,accuracy,0.8143859649122808,,0.8143859649122808,,,,,,,,,,,,results/scaling_laws/scaling_laws_all_methods.csv
k_centers,ag_news,albert-base-v2,20,80,80,accuracy,0.8150877192982456,,0.8150877192982456,,,,,,,,,,,,results/scaling_laws/scaling_laws_all_methods.csv
k_centers,ag_news,albert-base-v2,50,200,200,accuracy,0.8537280701754386,,0.8537280701754386,,,,,,,,,,,,results/scaling_laws/scaling_laws_all_methods.csv
k_centers,ag_news,albert-base-v2,100,400,400,accuracy,0.8714473684210526,,0.8714473684210526,,,,,,,,,,,,results/scaling_laws/scaling_laws_all_methods.csv
k_centers,ag_news,albert-base-v2,500,2000,2000,accuracy,0.8879824561403509,,0.8879824561403509,,,,,,,,,,,,results/scaling_laws/scaling_laws_all_methods.csv
k_centers,ag_news,albert-base-v2,1000,4000,4000,accuracy,0.8944298245614034,,0.8944298245614034,,,,,,,,,,,,results/scaling_laws/scaling_laws_all_methods.csv
k_centers,ag_news,bert-base-uncased,1,4,4,accuracy,0.6248245614035088,,0.6248245614035088,,,,,,,,,,,,results/scaling_laws/scaling_laws_all_methods.csv
k_centers,ag_news,bert-base-uncased,5,20,20,accuracy,0.8156578947368421,,0.8156578947368421,,,,,,,,,,,,results/scaling_laws/scaling_laws_all_methods.csv
k_centers,ag_news,bert-base-uncased,10,40,40,accuracy,0.8304824561403509,,0.8304824561403509,,,,,,,,,,,,results/scaling_laws/scaling_laws_all_methods.csv
k_centers,ag_news,bert-base-uncased,20,80,80,accuracy,0.8576754385964912,,0.8576754385964912,,,,,,,,,,,,results/scaling_laws/scaling_laws_all_methods.csv
k_centers,ag_news,bert-base-uncased,50,200,200,accuracy,0.8789473684210526,,0.8789473684210526,,,,,,,,,,,,results/scaling_laws/scaling_laws_all_methods.csv
k_centers,ag_news,bert-base-uncased,100,400,400,accuracy,0.880701754385965,,0.880701754385965,,,,,,,,,,,,results/scaling_laws/scaling_laws_all_methods.csv
k_centers,ag_news,bert-base-uncased,500,2000,2000,accuracy,0.907280701754386,,0.907280701754386,,,,,,,,,,,,results/scaling_laws/scaling_laws_all_methods.csv
k_centers,ag_news,bert-base-uncased,500,2000,2000,accuracy,0.9072807017543859,,0.9072807017543859,,,,,,,,,,,,scaling_laws_coreset_report/scaling_laws_all_methods.csv
k_centers,ag_news,bert-base-uncased,1000,4000,4000,accuracy,0.9112719298245614,,0.9112719298245614,,,,,,,,,,,,results/scaling_laws/scaling_laws_all_methods.csv
k_centers,ag_news,bert-large-uncased,1,4,4,accuracy,0.5505701754385965,,0.5505701754385965,,,,,,,,,,,,results/scaling_laws/scaling_laws_all_methods.csv
k_centers,ag_news,bert-large-uncased,5,20,20,accuracy,0.8016666666666667,,0.8016666666666667,,,,,,,,,,,,results/scaling_laws/scaling_laws_all_methods.csv
k_centers,ag_news,bert-large-uncased,10,40,40,accuracy,0.8153947368421054,,0.8153947368421054,,,,,,,,,,,,results/scaling_laws/scaling_laws_all_methods.csv
k_centers,ag_news,bert-large-uncased,20,80,80,accuracy,0.8310964912280703,,0.8310964912280703,,,,,,,,,,,,results/scaling_laws/scaling_laws_all_methods.csv
k_centers,ag_news,bert-large-uncased,50,200,200,accuracy,0.8696052631578947,,0.8696052631578947,,,,,,,,,,,,results/scaling_laws/scaling_laws_all_methods.csv
k_centers,ag_news,bert-large-uncased,100,400,400,accuracy,0.8804385964912281,,0.8804385964912281,,,,,,,,,,,,results/scaling_laws/scaling_laws_all_methods.csv
k_centers,ag_news,bert-large-uncased,500,2000,2000,accuracy,0.9036842105263158,,0.9036842105263158,,,,,,,,,,,,results/scaling_laws/scaling_laws_all_methods.csv
k_centers,ag_news,bert-large-uncased,1000,4000,4000,accuracy,0.9129824561403508,,0.9129824561403508,,,,,,,,,,,,results/scaling_laws/scaling_laws_all_methods.csv
k_centers,ag_news,microsoft/deberta-v3-base,1,4,4,accuracy,0.25,,0.25,,,,,,,,,,,,results/scaling_laws/scaling_laws_all_methods.csv
k_centers,ag_news,microsoft/deberta-v3-base,5,20,20,accuracy,0.25,,0.25,,,,,,,,,,,,results/scaling_laws/scaling_laws_all_methods.csv
k_centers,ag_news,microsoft/deberta-v3-base,10,40,40,accuracy,0.25,,0.25,,,,,,,,,,,,results/scaling_laws/scaling_laws_all_methods.csv
k_centers,ag_news,microsoft/deberta-v3-base,20,80,80,accuracy,0.25,,0.25,,,,,,,,,,,,results/scaling_laws/scaling_laws_all_methods.csv
k_centers,ag_news,microsoft/deberta-v3-base,50,200,200,accuracy,0.25,,0.25,,,,,,,,,,,,results/scaling_laws/scaling_laws_all_methods.csv
k_centers,ag_news,microsoft/deberta-v3-base,100,400,400,accuracy,0.25,,0.25,,,,,,,,,,,,results/scaling_laws/scaling_laws_all_methods.csv
k_centers,ag_news,microsoft/deberta-v3-base,500,2000,2000,accuracy,0.25,,0.25,,,,,,,,,,,,results/scaling_laws/scaling_laws_all_methods.csv
k_centers,ag_news,microsoft/deberta-v3-base,1000,4000,4000,accuracy,0.25,,0.25,,,,,,,,,,,,results/scaling_laws/scaling_laws_all_methods.csv
k_centers,ag_news,roberta-base,1,4,4,accuracy,0.6037280701754385,,0.6037280701754385,,,,,,,,,,,,results/scaling_laws/scaling_laws_all_methods.csv
k_centers,ag_news,roberta-base,5,20,20,accuracy,0.7918859649122808,,0.7918859649122808,,,,,,,,,,,,results/scaling_laws/scaling_laws_all_methods.csv
k_centers,ag_news,roberta-base,10,40,40,accuracy,0.8459649122807017,,0.8459649122807017,,,,,,,,,,,,results/scaling_laws/scaling_laws_all_methods.csv
k_centers,ag_news,roberta-base,20,80,80,accuracy,0.8597807017543859,,0.8597807017543859,,,,,,,,,,,,results/scaling_laws/scaling_laws_all_methods.csv
k_centers,ag_news,roberta-base,50,200,200,accuracy,0.8804385964912281,,0.8804385964912281,,,,,,,,,,,,results/scaling_laws/scaling_laws_all_methods.csv
k_centers,ag_news,roberta-base,100,400,400,accuracy,0.8792982456140351,,0.8792982456140351,,,,,,,,,,,,results/scaling_laws/scaling_laws_all_methods.csv
k_centers,ag_news,roberta-base,500,2000,2000,accuracy,0.907938596491228,,0.907938596491228,,,,,,,,,,,,results/scaling_laws/scaling_laws_all_methods.csv
k_centers,ag_news,roberta-base,1000,4000,4000,accuracy,0.9175,,0.9175,,,,,,,,,,,,results/scaling_laws/scaling_laws_all_methods.csv
k_centers,ag_news,roberta-large,1,4,4,accuracy,0.5312719298245614,,0.5312719298245614,,,,,,,,,,,,results/scaling_laws/scaling_laws_all_methods.csv
k_centers,ag_news,roberta-large,5,20,20,accuracy,0.8165350877192982,,0.8165350877192982,,,,,,,,,,,,results/scaling_laws/scaling_laws_all_methods.csv
k_centers,ag_news,roberta-large,10,40,40,accuracy,0.8566666666666666,,0.8566666666666666,,,,,,,,,,,,results/scaling_laws/scaling_laws_all_methods.csv
k_centers,ag_news,roberta-large,20,80,80,accuracy,0.8666228070175438,,0.8666228070175438,,,,,,,,,,,,results/scaling_laws/scaling_laws_all_methods.csv
k_centers,ag_news,roberta-large,50,200,200,accuracy,0.8895614035087719,,0.8895614035087719,,,,,,,,,,,,results/scaling_laws/scaling_laws_all_methods.csv
k_centers,ag_news,roberta-large,100,400,400,accuracy,0.8853947368421053,,0.8853947368421053,,,,,,,,,,,,results/scaling_laws/scaling_laws_all_methods.csv
k_centers,ag_news,roberta-large,500,2000,2000,accuracy,0.9059649122807018,,0.9059649122807018,,,,,,,,,,,,results/scaling_laws/scaling_laws_all_methods.csv
k_centers,ag_news,roberta-large,1000,4000,4000,accuracy,0.9186842105263158,,0.9186842105263158,,,,,,,,,,,,results/scaling_laws/scaling_laws_all_methods.csv
k_centers,ag_news,xlnet-base-cased,1,4,4,accuracy,0.6692543859649124,,0.6692543859649124,,,,,,,,,,,,results/scaling_laws/scaling_laws_all_methods.csv
k_centers,ag_news,xlnet-base-cased,5,20,20,accuracy,0.8153508771929826,,0.8153508771929826,,,,,,,,,,,,results/scaling_laws/scaling_laws_all_methods.csv
k_centers,ag_news,xlnet-base-cased,10,40,40,accuracy,0.8305263157894737,,0.8305263157894737,,,,,,,,,,,,results/scaling_laws/scaling_laws_all_methods.csv
k_centers,ag_news,xlnet-base-cased,20,80,80,accuracy,0.8513157894736842,,0.8513157894736842,,,,,,,,,,,,results/scaling_laws/scaling_laws_all_methods.csv
k_centers,ag_news,xlnet-base-cased,50,200,200,accuracy,0.8728947368421053,,0.8728947368421053,,,,,,,,,,,,results/scaling_laws/scaling_laws_all_methods.csv
k_centers,ag_news,xlnet-base-cased,100,400,400,accuracy,0.8868859649122808,,0.8868859649122808,,,,,,,,,,,,results/scaling_laws/scaling_laws_all_methods.csv
k_centers,ag_news,xlnet-base-cased,500,2000,2000,accuracy,0.904122807017544,,0.904122807017544,,,,,,,,,,,,results/scaling_laws/scaling_laws_all_methods.csv
k_centers,ag_news,xlnet-base-cased,1000,4000,4000,accuracy,0.9153947368421052,,0.9153947368421052,,,,,,,,,,,,results/scaling_laws/scaling_laws_all_methods.csv
k_centers,sst2,albert-base-v2,1,2,2,accuracy,0.4904434250764526,,0.4904434250764526,,,,,,,,,,,,results/scaling_laws/scaling_laws_all_methods.csv
k_centers,sst2,albert-base-v2,5,10,10,accuracy,0.6456422018348623,,0.6456422018348623,,,,,,,,,,,,results/scaling_laws/scaling_laws_all_methods.csv
k_centers,sst2,albert-base-v2,10,20,20,accuracy,0.5535168195718655,,0.5535168195718655,,,,,,,,,,,,results/scaling_laws/scaling_laws_all_methods.csv
k_centers,sst2,albert-base-v2,20,40,40,accuracy,0.6368501529051988,,0.6368501529051988,,,,,,,,,,,,results/scaling_laws/scaling_laws_all_methods.csv
k_centers,sst2,albert-base-v2,50,100,100,accuracy,0.7866972477064221,,0.7866972477064221,,,,,,,,,,,,results/scaling_laws/scaling_laws_all_methods.csv
k_centers,sst2,albert-base-v2,100,200,200,accuracy,0.8146024464831805,,0.8146024464831805,,,,,,,,,,,,results/scaling_laws/scaling_laws_all_methods.csv
k_centers,sst2,albert-base-v2,500,1000,1000,accuracy,0.8421253822629969,,0.8421253822629969,,,,,,,,,,,,results/scaling_laws/scaling_laws_all_methods.csv
k_centers,sst2,albert-base-v2,1000,2000,2000,accuracy,0.8593272171253822,,0.8593272171253822,,,,,,,,,,,,results/scaling_laws/scaling_laws_all_methods.csv
k_centers,sst2,bert-base-uncased,1,2,2,accuracy,0.5913608562691132,,0.5913608562691132,,,,,,,,,,,,results/scaling_laws/scaling_laws_all_methods.csv
k_centers,sst2,bert-base-uncased,5,10,10,accuracy,0.7175076452599388,,0.7175076452599388,,,,,,,,,,,,results/scaling_laws/scaling_laws_all_methods.csv
k_centers,sst2,bert-base-uncased,10,20,20,accuracy,0.7450305810397553,,0.7450305810397553,,,,,,,,,,,,results/scaling_laws/scaling_laws_all_methods.csv
k_centers,sst2,bert-base-uncased,20,40,40,accuracy,0.7889908256880734,,0.7889908256880734,,,,,,,,,,,,results/scaling_laws/scaling_laws_all_methods.csv
k_centers,sst2,bert-base-uncased,50,100,100,accuracy,0.8111620795107034,,0.8111620795107034,,,,,,,,,,,,results/scaling_laws/scaling_laws_all_methods.csv
k_centers,sst2,bert-base-uncased,100,200,200,accuracy,0.8425076452599388,,0.8425076452599388,,,,,,,,,,,,results/scaling_laws/scaling_laws_all_methods.csv
k_centers,sst2,bert-base-uncased,500,1000,1000,accuracy,0.8769113149847095,,0.8769113149847095,,,,,,,,,,,,results/scaling_laws/scaling_laws_all_methods.csv
k_centers,sst2,bert-base-uncased,1000,2000,2000,accuracy,0.8883792048929663,,0.8883792048929663,,,,,,,,,,,,results/scaling_laws/scaling_laws_all_methods.csv
k_centers,sst2,bert-large-uncased,1,2,2,accuracy,0.5672782874617738,,0.5672782874617738,,,,,,,,,,,,results/scaling_laws/scaling_laws_all_methods.csv
k_centers,sst2,bert-large-uncased,5,10,10,accuracy,0.6697247706422017,,0.6697247706422017,,,,,,,,,,,,results/scaling_laws/scaling_laws_all_methods.csv
k_centers,sst2,bert-large-uncased,10,20,20,accuracy,0.6995412844036698,,0.6995412844036698,,,,,,,,,,,,results/scaling_laws/scaling_laws_all_methods.csv
k_centers,sst2,bert-large-uncased,20,40,40,accuracy,0.8176605504587157,,0.8176605504587157,,,,,,,,,,,,results/scaling_laws/scaling_laws_all_methods.csv
k_centers,sst2,bert-large-uncased,50,100,100,accuracy,0.8103975535168195,,0.8103975535168195,,,,,,,,,,,,results/scaling_laws/scaling_laws_all_methods.csv
k_centers,sst2,bert-large-uncased,100,200,200,accuracy,0.8845565749235473,,0.8845565749235473,,,,,,,,,,,,results/scaling_laws/scaling_laws_all_methods.csv
k_centers,sst2,bert-large-uncased,500,1000,1000,accuracy,0.8906727828746178,,0.8906727828746178,,,,,,,,,,,,results/scaling_laws/scaling_laws_all_methods.csv
k_centers,sst2,bert-large-uncased,1000,2000,2000,accuracy,0.900611620795107,,0.900611620795107,,,,,,,,,,,,results/scaling_laws/scaling_laws_all_methods.csv
k_centers,sst2,microsoft/deberta-v3-base,1,2,2,accuracy,0.4908256880733945,,0.4908256880733945,,,,,,,,,,,,results/scaling_laws/scaling_laws_all_methods.csv
k_centers,sst2,microsoft/deberta-v3-base,5,10,10,accuracy,0.4908256880733945,,0.4908256880733945,,,,,,,,,,,,results/scaling_laws/scaling_laws_all_methods.csv
k_centers,sst2,microsoft/deberta-v3-base,10,20,20,accuracy,0.4908256880733945,,0.4908256880733945,,,,,,,,,,,,results/scaling_laws/scaling_laws_all_methods.csv
k_centers,sst2,microsoft/deberta-v3-base,20,40,40,accuracy,0.4908256880733945,,0.4908256880733945,,,,,,,,,,,,results/scaling_laws/scaling_laws_all_methods.csv
k_centers,sst2,microsoft/deberta-v3-base,50,100,100,accuracy,0.4908256880733945,,0.4908256880733945,,,,,,,,,,,,results/scaling_laws/scaling_laws_all_methods.csv
k_centers,sst2,microsoft/deberta-v3-base,100,200,200,accuracy,0.4908256880733945,,0.4908256880733945,,,,,,,,,,,,results/scaling_laws/scaling_laws_all_methods.csv
k_centers,sst2,microsoft/deberta-v3-base,500,1000,1000,accuracy,0.4908256880733945,,0.4908256880733945,,,,,,,,,,,,results/scaling_laws/scaling_laws_all_methods.csv
k_centers,sst2,microsoft/deberta-v3-base,1000,2000,2000,accuracy,0.4908256880733945,,0.4908256880733945,,,,,,,,,,,,results/scaling_laws/scaling_laws_all_methods.csv
k_centers,sst2,roberta-base,1,2,2,accuracy,0.5416666666666666,,0.5416666666666666,,,,,,,,,,,,results/scaling_laws/scaling_laws_all_methods.csv
k_centers,sst2,roberta-base,5,10,10,accuracy,0.7438837920489297,,0.7438837920489297,,,,,,,,,,,,results/scaling_laws/scaling_laws_all_methods.csv
k_centers,sst2,roberta-base,10,20,20,accuracy,0.6624617737003057,,0.6624617737003057,,,,,,,,,,,,results/scaling_laws/scaling_laws_all_methods.csv
k_centers,sst2,roberta-base,20,40,40,accuracy,0.7824923547400612,,0.7824923547400612,,,,,,,,,,,,results/scaling_laws/scaling_laws_all_methods.csv
k_centers,sst2,roberta-base,50,100,100,accuracy,0.7909021406727829,,0.7909021406727829,,,,,,,,,,,,results/scaling_laws/scaling_laws_all_methods.csv
k_centers,sst2,roberta-base,100,200,200,accuracy,0.8528287461773699,,0.8528287461773699,,,,,,,,,,,,results/scaling_laws/scaling_laws_all_methods.csv
k_centers,sst2,roberta-base,500,1000,1000,accuracy,0.8971712538226299,,0.8971712538226299,,,,,,,,,,,,results/scaling_laws/scaling_laws_all_methods.csv
k_centers,sst2,roberta-base,1000,2000,2000,accuracy,0.9029051987767585,,0.9029051987767585,,,,,,,,,,,,results/scaling_laws/scaling_laws_all_methods.csv
k_centers,sst2,roberta-base,1000,2000,2000,accuracy,0.9029051987767583,,0.9029051987767583,,,,,,,,,,,,scaling_laws_coreset_report/scaling_laws_all_methods.csv
k_centers,sst2,roberta-large,1,2,2,accuracy,0.5424311926605504,,0.5424311926605504,,,,,,,,,,,,results/scaling_laws/scaling_laws_all_methods.csv
k_centers,sst2,roberta-large,5,10,10,accuracy,0.7033639143730888,,0.7033639143730888,,,,,,,,,,,,results/scaling_laws/scaling_laws_all_methods.csv
k_centers,sst2,roberta-large,10,20,20,accuracy,0.7679663608562691,,0.7679663608562691,,,,,,,,,,,,results/scaling_laws/scaling_laws_all_methods.csv
k_centers,sst2,roberta-large,20,40,40,accuracy,0.6513761467889908,,0.6513761467889908,,,,,,,,,,,,results/scaling_laws/scaling_laws_all_methods.csv
k_centers,sst2,roberta-large,50,100,100,accuracy,0.7136850152905199,,0.7136850152905199,,,,,,,,,,,,results/scaling_laws/scaling_laws_all_methods.csv
k_centers,sst2,roberta-large,100,200,200,accuracy,0.628822629969419,,0.628822629969419,,,,,,,,,,,,results/scaling_laws/scaling_laws_all_methods.csv
k_centers,sst2,roberta-large,500,1000,1000,accuracy,0.7331804281345565,,0.7331804281345565,,,,,,,,,,,,results/scaling_laws/scaling_laws_all_methods.csv
k_centers,sst2,roberta-large,1000,2000,2000,accuracy,0.9147553516819572,,0.9147553516819572,,,,,,,,,,,,results/scaling_laws/scaling_laws_all_methods.csv
k_centers,sst2,xlnet-base-cased,1,2,2,accuracy,0.5688073394495413,,0.5688073394495413,,,,,,,,,,,,results/scaling_laws/scaling_laws_all_methods.csv
k_centers,sst2,xlnet-base-cased,5,10,10,accuracy,0.6422018348623854,,0.6422018348623854,,,,,,,,,,,,results/scaling_laws/scaling_laws_all_methods.csv
k_centers,sst2,xlnet-base-cased,10,20,20,accuracy,0.7220948012232417,,0.7220948012232417,,,,,,,,,,,,results/scaling_laws/scaling_laws_all_methods.csv
k_centers,sst2,xlnet-base-cased,20,40,40,accuracy,0.7305045871559632,,0.7305045871559632,,,,,,,,,,,,results/scaling_laws/scaling_laws_all_methods.csv
k_centers,sst2,xlnet-base-cased,50,100,100,accuracy,0.7931957186544342,,0.7931957186544342,,,,,,,,,,,,results/scaling_laws/scaling_laws_all_methods.csv
k_centers,sst2,xlnet-base-cased,100,200,200,accuracy,0.8421253822629969,,0.8421253822629969,,,,,,,,,,,,results/scaling_laws/scaling_laws_all_methods.csv
k_centers,sst2,xlnet-base-cased,500,1000,1000,accuracy,0.8765290519877675,,0.8765290519877675,,,,,,,,,,,,results/scaling_laws/scaling_laws_all_methods.csv
k_centers,sst2,xlnet-base-cased,1000,2000,2000,accuracy,0.9032874617737005,,0.9032874617737005,,,,,,,,,,,,results/scaling_laws/scaling_laws_all_methods.csv
herding,ag_news,albert-base-v2,1,4,4,accuracy,0.4934210526315789,0.04830470862500117,0.4934210526315789,0.04830470862500117,,,,,1,42,0.0,47.0,,,scaling_laws_herding_report/raw_results.csv
herding,ag_news,albert-base-v2,5,20,20,accuracy,0.8010087719298246,0.01579471160683213,0.8010087719298246,0.01579471160683213,,,,,1,42,0.0,50.0,,,scaling_laws_herding_report/raw_results.csv
herding,ag_news,albert-base-v2,10,40,40,accuracy,0.8338157894736842,0.014962248585461631,0.8338157894736842,0.014962248585461631,,,,,1,42,0.0,61.5,,,scaling_laws_herding_report/raw_results.csv
herding,ag_news,albert-base-v2,20,80,80,accuracy,0.854780701754386,0.0027939663699356023,0.854780701754386,0.0027939663699356023,,,,,1,42,0.0,76.6,,,scaling_laws_herding_report/raw_results.csv
herding,ag_news,albert-base-v2,50,200,200,accuracy,0.8667105263157895,0.005453784677911234,0.8667105263157895,0.005453784677911234,,,,,1,42,0.0,75.6,,,scaling_laws_herding_report/raw_results.csv
herding,ag_news,albert-base-v2,100,400,400,accuracy,0.872017543859649,0.008222953183882773,0.872017543859649,0.008222953183882773,,,,,1,42,0.0,74.3,,,scaling_laws_herding_report/raw_results.csv
herding,ag_news,albert-base-v2,500,2000,2000,accuracy,0.8978070175438596,0.0004067376533112495,0.8978070175438596,0.0004067376533112495,,,,,1,42,0.0,79.7,,,scaling_laws_herding_report/raw_results.csv
herding,ag_news,albert-base-v2,1000,4000,4000,accuracy,0.8946052631578948,0.006341322656816775,0.8946052631578948,0.006341322656816775,,,,,1,42,0.0,78.6,,,scaling_laws_herding_report/raw_results.csv
herding,ag_news,bert-base-uncased,1,4,4,accuracy,0.6469736842105264,0.015902011231879974,0.6469736842105264,0.015902011231879974,,,,,1,42,0.1,40.6,,,scaling_laws_herding_report/raw_results.csv
herding,ag_news,bert-base-uncased,5,20,20,accuracy,0.792061403508772,0.015145620233252976,0.792061403508772,0.015145620233252976,,,,,1,42,0.0,47.8,,,scaling_laws_herding_report/raw_results.csv
herding,ag_news,bert-base-uncased,10,40,40,accuracy,0.8576315789473684,0.004252803105799075,0.8576315789473684,0.004252803105799075,,,,,1,42,0.0,52.0,,,scaling_laws_herding_report/raw_results.csv
herding,ag_news,bert-base-uncased,20,80,80,accuracy,0.8681140350877192,0.007041898527546976,0.8681140350877192,0.007041898527546976,,,,,1,42,0.0,54.8,,,scaling_laws_herding_report/raw_results.csv
herding,ag_news,bert-base-uncased,50,200,200,accuracy,0.8742105263157894,0.002356206319046185,0.8742105263157894,0.002356206319046185,,,,,1,42,0.0,55.0,,,scaling_laws_herding_report/raw_results.csv
herding,ag_news,bert-base-uncased,100,400,400,accuracy,0.8894298245614035,0.0037545499226372967,0.8894298245614035,0.0037545499226372967,,,,,1,42,0.0,54.5,,,scaling_laws_herding_report/raw_results.csv
herding,ag_news,bert-base-uncased,500,2000,2000,accuracy,0.9042105263157895,0.0003223012819451243,0.9042105263157895,0.0003223012819451243,,,,,1,42,823.6,56.7,,,scaling_laws_herding_report/raw_results.csv
herding,ag_news,bert-base-uncased,1000,4000,4000,accuracy,0.9114912280701755,0.0019877665251973203,0.9114912280701755,0.0019877665251973203,,,,,1,42,1544.6,56.8,,,scaling_laws_herding_report/raw_results.csv
herding,ag_news,bert-large-uncased,1,4,4,accuracy,0.5609649122807018,0.05118250046001549,0.5609649122807018,0.05118250046001549,,,,,1,42,0.0,82.1,,,scaling_laws_herding_report/raw_results.csv
herding,ag_news,bert-large-uncased,5,20,20,accuracy,0.7967543859649123,0.020487574025318516,0.7967543859649123,0.020487574025318516,,,,,1,42,0.0,80.5,,,scaling_laws_herding_report/raw_results.csv
herding,ag_news,bert-large-uncased,10,40,40,accuracy,0.854078947368421,0.0027787779055188115,0.854078947368421,0.0027787779055188115,,,,,1,42,0.0,101.5,,,scaling_laws_herding_report/raw_results.csv
herding,ag_news,bert-large-uncased,20,80,80,accuracy,0.8717982456140351,0.005722633835192996,0.8717982456140351,0.005722633835192996,,,,,1,42,0.0,126.0,,,scaling_laws_herding_report/raw_results.csv
herding,ag_news,bert-large-uncased,50,200,200,accuracy,0.8790350877192982,0.010265594252728355,0.8790350877192982,0.010265594252728355,,,,,1,42,0.0,120.1,,,scaling_laws_herding_report/raw_results.csv
herding,ag_news,bert-large-uncased,100,400,400,accuracy,0.8810964912280701,0.002703690352179408,0.8810964912280701,0.002703690352179408,,,,,1,42,0.0,119.3,,,scaling_laws_herding_report/raw_results.csv
herding,ag_news,bert-large-uncased,500,2000,2000,accuracy,0.9027192982456141,0.0036039716814340655,0.9027192982456141,0.0036039716814340655,,,,,1,42,0.0,126.0,,,scaling_laws_herding_report/raw_results.csv
herding,ag_news,bert-large-uncased,1000,4000,4000,accuracy,0.9118421052631579,0.0011963317278057416,0.9118421052631579,0.0011963317278057416,,,,,1,42,0.0,123.2,,,scaling_laws_herding_report/raw_results.csv
herding,ag_news,microsoft/deberta-v3-base,1,4,4,accuracy,0.41162280701754383,0.047497428288905394,0.41162280701754383,0.047497428288905394,,,,,1,42,0.0,73.7,,,scaling_laws_herding_report/raw_results.csv
herding,ag_news,microsoft/deberta-v3-base,5,20,20,accuracy,0.7689912280701754,0.026729712522737103,0.7689912280701754,0.026729712522737103,,,,,1,42,0.0,72.7,,,scaling_laws_herding_report/raw_results.csv
herding,ag_news,microsoft/deberta-v3-base,10,40,40,accuracy,0.8376315789473684,0.004566882674121104,0.8376315789473684,0.004566882674121104,,,,,1,42,0.0,78.5,,,scaling_laws_herding_report/raw_results.csv
herding,ag_news,microsoft/deberta-v3-base,20,80,80,accuracy,0.8409649122807018,0.0016304938855650384,0.8409649122807018,0.0016304938855650384,,,,,1,42,0.0,94.9,,,scaling_laws_herding_report/raw_results.csv
herding,ag_news,microsoft/deberta-v3-base,50,200,200,accuracy,0.8700877192982457,0.001148754460851671,0.8700877192982457,0.001148754460851671,,,,,1,42,0.0,91.1,,,scaling_laws_herding_report/raw_results.csv
herding,ag_news,microsoft/deberta-v3-base,100,400,400,accuracy,0.8848684210526315,0.003898824313165546,0.8848684210526315,0.003898824313165546,,,,,1,42,0.0,92.0,,,scaling_laws_herding_report/raw_results.csv
herding,ag_news,microsoft/deberta-v3-base,500,2000,2000,accuracy,0.9029385964912281,0.0029467679003931436,0.9029385964912281,0.0029467679003931436,,,,,1,42,0.0,98.5,,,scaling_laws_herding_report/raw_results.csv
herding,ag_news,microsoft/deberta-v3-base,1000,4000,4000,accuracy,0.9147368421052633,0.0003721614637824103,0.9147368421052633,0.0003721614637824103,,,,,1,42,0.0,95.3,,,scaling_laws_herding_report/raw_results.csv
herding,ag_news,roberta-base,1,4,4,accuracy,0.6060526315789474,0.051074669687199266,0.6060526315789474,0.051074669687199266,,,,,1,42,0.0,39.5,,,scaling_laws_herding_report/raw_results.csv
herding,ag_news,roberta-base,5,20,20,accuracy,0.8369298245614035,0.006476690691592292,0.8369298245614035,0.006476690691592292,,,,,1,42,0.0,42.1,,,scaling_laws_herding_report/raw_results.csv
herding,ag_news,roberta-base,10,40,40,accuracy,0.837719298245614,0.006554633433849631,0.837719298245614,0.006554633433849631,,,,,1,42,0.0,44.7,,,scaling_laws_herding_report/raw_results.csv
herding,ag_news,roberta-base,20,80,80,accuracy,0.8643421052631579,0.003446263382554931,0.8643421052631579,0.003446263382554931,,,,,1,42,0.0,50.9,,,scaling_laws_herding_report/raw_results.csv
herding,ag_news,roberta-base,50,200,200,accuracy,0.8866228070175439,0.002654143029896015,0.8866228070175439,0.002654143029896015,,,,,1,42,0.0,50.1,,,scaling_laws_herding_report/raw_results.csv
herding,ag_news,roberta-base,100,400,400,accuracy,0.8939035087719298,0.0013603563525676347,0.8939035087719298,0.0013603563525676347,,,,,1,42,0.0,49.6,,,scaling_laws_herding_report/raw_results.csv
herding,ag_news,roberta-base,500,2000,2000,accuracy,0.9107894736842105,0.0034126076603380262,0.9107894736842105,0.0034126076603380262,,,,,1,42,0.0,51.9,,,scaling_laws_herding_report/raw_results.csv
herding,ag_news,roberta-base,1000,4000,4000,accuracy,0.9189035087719298,0.002748149157512386,0.9189035087719298,0.002748149157512386,,,,,1,42,0.0,52.6,,,scaling_laws_herding_report/raw_results.csv
herding,ag_news,roberta-large,1,4,4,accuracy,0.6121491228070175,0.04633825378923065,0.6121491228070175,0.04633825378923065,,,,,1,42,0.0,80.1,,,scaling_laws_herding_report/raw_results.csv
herding,ag_news,roberta-large,5,20,20,accuracy,0.8526315789473684,0.02232529382178418,0.8526315789473684,0.02232529382178418,,,,,1,42,0.0,79.4,,,scaling_laws_herding_report/raw_results.csv
herding,ag_news,roberta-large,10,40,40,accuracy,0.8714912280701754,0.009331494674452823,0.8714912280701754,0.009331494674452823,,,,,1,42,0.0,101.1,,,scaling_laws_herding_report/raw_results.csv
herding,ag_news,roberta-large,20,80,80,accuracy,0.874298245614035,0.006781388267827402,0.874298245614035,0.006781388267827402,,,,,1,42,0.0,126.0,,,scaling_laws_herding_report/raw_results.csv
herding,ag_news,roberta-large,50,200,200,accuracy,0.8864473684210527,0.0021459876881973847,0.8864473684210527,0.0021459876881973847,,,,,1,42,0.0,117.6,,,scaling_laws_herding_report/raw_results.csv
herding,ag_news,roberta-large,100,400,400,accuracy,0.8882456140350877,0.004305847198692913,0.8882456140350877,0.004305847198692913,,,,,1,42,0.0,118.2,,,scaling_laws_herding_report/raw_results.csv
herding,ag_news,roberta-large,500,2000,2000,accuracy,0.9113157894736842,0.003278050340535914,0.9113157894736842,0.003278050340535914,,,,,1,42,0.0,123.7,,,scaling_laws_herding_report/raw_results.csv
herding,ag_news,roberta-large,1000,4000,4000,accuracy,0.9175877192982457,0.003774478942798287,0.9175877192982457,0.003774478942798287,,,,,1,42,0.0,121.9,,,scaling_laws_herding_report/raw_results.csv
herding,ag_news,xlnet-base-cased,1,4,4,accuracy,0.6369736842105262,0.008282160516766415,0.6369736842105262,0.008282160516766415,,,,,1,42,0.0,103.6,,,scaling_laws_herding_report/raw_results.csv
herding,ag_news,xlnet-base-cased,5,20,20,accuracy,0.8367982456140352,0.01213874723208369,0.8367982456140352,0.01213874723208369,,,,,1,42,0.0,109.3,,,scaling_laws_herding_report/raw_results.csv
herding,ag_news,xlnet-base-cased,10,40,40,accuracy,0.8622368421052631,0.005529447734065949,0.8622368421052631,0.005529447734065949,,,,,1,42,0.0,119.3,,,scaling_laws_herding_report/raw_results.csv
herding,ag_news,xlnet-base-cased,20,80,80,accuracy,0.8672368421052631,0.002793277776858032,0.8672368421052631,0.002793277776858032,,,,,1,42,0.0,135.6,,,scaling_laws_herding_report/raw_results.csv
herding,ag_news,xlnet-base-cased,50,200,200,accuracy,0.8841228070175439,0.009957396164712973,0.8841228070175439,0.009957396164712973,,,,,1,42,0.0,134.8,,,scaling_laws_herding_report/raw_results.csv
herding,ag_news,xlnet-base-cased,100,400,400,accuracy,0.8895175438596491,0.004061697158873758,0.8895175438596491,0.004061697158873758,,,,,1,42,0.0,141.1,,,scaling_laws_herding_report/raw_results.csv
herding,ag_news,xlnet-base-cased,500,2000,2000,accuracy,0.904780701754386,0.003301440222203336,0.904780701754386,0.003301440222203336,,,,,1,42,0.0,149.8,,,scaling_laws_herding_report/raw_results.csv
herding,ag_news,xlnet-base-cased,1000,4000,4000,accuracy,0.9133333333333332,0.000938637480659302,0.9133333333333332,0.000938637480659302,,,,,1,42,0.0,144.1,,,scaling_laws_herding_report/raw_results.csv
herding,mnli,albert-base-v2,1,3,3,accuracy,0.37744948208524365,0.008126272063226301,0.37744948208524365,0.008126272063226301,,,,,1,42,653.2,45.9,,,scaling_laws_herding_report/raw_results.csv
herding,mnli,albert-base-v2,5,15,15,accuracy,0.4050942435048395,0.003542117540508033,0.4050942435048395,0.003542117540508033,,,,,1,42,621.9,48.6,,,scaling_laws_herding_report/raw_results.csv
herding,mnli,albert-base-v2,10,30,30,accuracy,0.41507896077432505,0.012566443146043814,0.41507896077432505,0.012566443146043814,,,,,1,42,565.6,48.5,,,scaling_laws_herding_report/raw_results.csv
herding,mnli,albert-base-v2,20,60,60,accuracy,0.4765494990660553,0.035135790185467544,0.4765494990660553,0.035135790185467544,,,,,1,42,577.0,57.4,,,scaling_laws_herding_report/raw_results.csv
herding,mnli,albert-base-v2,50,150,150,accuracy,0.5106469689251146,0.01613001929875767,0.5106469689251146,0.01613001929875767,,,,,1,42,746.4,59.6,,,scaling_laws_herding_report/raw_results.csv
herding,mnli,albert-base-v2,100,300,300,accuracy,0.5564611988453048,0.008003566530679965,0.5564611988453048,0.008003566530679965,,,,,1,42,918.3,66.3,,,scaling_laws_herding_report/raw_results.csv
herding,mnli,albert-base-v2,500,1500,1500,accuracy,0.646255731023943,0.05147300541103976,0.646255731023943,0.05147300541103976,,,,,1,42,2680.1,70.2,,,scaling_laws_herding_report/raw_results.csv
herding,mnli,albert-base-v2,1000,3000,3000,accuracy,0.7169638308711157,0.0030497462143852746,0.7169638308711157,0.0030497462143852746,,,,,1,42,4858.8,69.7,,,scaling_laws_herding_report/raw_results.csv
herding,mnli,bert-base-uncased,1,3,3,accuracy,0.330412633723892,0.021423459336196122,0.330412633723892,0.021423459336196122,,,,,1,42,668.3,45.9,,,scaling_laws_herding_report/raw_results.csv
herding,mnli,bert-base-uncased,5,15,15,accuracy,0.39836984207845133,0.008800321013507605,0.39836984207845133,0.008800321013507605,,,,,1,42,621.9,41.4,,,scaling_laws_herding_report/raw_results.csv
herding,mnli,bert-base-uncased,10,30,30,accuracy,0.42139582272032605,0.012350362753080504,0.42139582272032605,0.012350362753080504,,,,,1,42,572.8,48.1,,,scaling_laws_herding_report/raw_results.csv
herding,mnli,bert-base-uncased,20,60,60,accuracy,0.4240787909662082,0.04134813348776151,0.4240787909662082,0.04134813348776151,,,,,1,42,577.4,53.6,,,scaling_laws_herding_report/raw_results.csv
herding,mnli,bert-base-uncased,50,150,150,accuracy,0.506911190354899,0.005379246696749422,0.506911190354899,0.005379246696749422,,,,,1,42,750.4,52.6,,,scaling_laws_herding_report/raw_results.csv
herding,mnli,bert-base-uncased,100,300,300,accuracy,0.47692307692307695,0.030593409987389814,0.47692307692307695,0.030593409987389814,,,,,1,42,925.3,54.4,,,scaling_laws_herding_report/raw_results.csv
herding,mnli,bert-base-uncased,500,1500,1500,accuracy,0.6187807777211751,0.014480640428774139,0.6187807777211751,0.014480640428774139,,,,,1,42,2692.1,55.1,,,scaling_laws_herding_report/raw_results.csv
herding,mnli,bert-base-uncased,1000,3000,3000,accuracy,0.6870096790626592,0.004999630828888538,0.6870096790626592,0.004999630828888538,,,,,1,42,4874.0,56.7,,,scaling_laws_herding_report/raw_results.csv
herding,mnli,bert-large-uncased,1,3,3,accuracy,0.3508575309899813,0.006100248767347318,0.3508575309899813,0.006100248767347318,,,,,1,42,0.0,84.3,,,scaling_laws_herding_report/raw_results.csv
herding,mnli,bert-large-uncased,5,15,15,accuracy,0.3815248768891153,0.05247729118604046,0.3815248768891153,0.05247729118604046,,,,,1,42,0.0,81.9,,,scaling_laws_herding_report/raw_results.csv
herding,mnli,bert-large-uncased,10,30,30,accuracy,0.39589064357276277,0.030334707538981355,0.39589064357276277,0.030334707538981355,,,,,1,42,0.0,81.8,,,scaling_laws_herding_report/raw_results.csv
herding,mnli,bert-large-uncased,20,60,60,accuracy,0.4238070979792834,0.015217460288307989,0.4238070979792834,0.015217460288307989,,,,,1,42,84.8,96.5,,,scaling_laws_herding_report/raw_results.csv
herding,mnli,bert-large-uncased,50,150,150,accuracy,0.48395313295975545,0.11081049557684794,0.48395313295975545,0.11081049557684794,,,,,1,42,707.5,100.5,,,scaling_laws_herding_report/raw_results.csv
herding,mnli,bert-large-uncased,100,300,300,accuracy,0.5294956698930209,0.01694742855416556,0.5294956698930209,0.01694742855416556,,,,,1,42,877.3,111.0,,,scaling_laws_herding_report/raw_results.csv
herding,mnli,bert-large-uncased,500,1500,1500,accuracy,0.5704533876719307,0.17845182745317936,0.5704533876719307,0.17845182745317936,,,,,1,42,2635.5,118.9,,,scaling_laws_herding_report/raw_results.csv
herding,mnli,bert-large-uncased,1000,3000,3000,accuracy,0.6014943114280862,0.17471155679657807,0.6014943114280862,0.17471155679657807,,,,,1,42,4810.1,117.7,,,scaling_laws_herding_report/raw_results.csv
herding,mnli,microsoft/deberta-v3-base,1,3,3,accuracy,0.3436237052131092,0.00670808691725908,0.3436237052131092,0.00670808691725908,,,,,1,42,0.0,74.4,,,scaling_laws_herding_report/raw_results.csv
herding,mnli,microsoft/deberta-v3-base,5,15,15,accuracy,0.39310579045678384,0.017277690089895936,0.39310579045678384,0.017277690089895936,,,,,1,42,0.0,74.0,,,scaling_laws_herding_report/raw_results.csv
herding,mnli,microsoft/deberta-v3-base,10,30,30,accuracy,0.40492443538801154,0.002468241441413709,0.40492443538801154,0.002468241441413709,,,,,1,42,0.0,76.4,,,scaling_laws_herding_report/raw_results.csv
herding,mnli,microsoft/deberta-v3-base,20,60,60,accuracy,0.41579215486500254,0.020865762702166134,0.41579215486500254,0.020865762702166134,,,,,1,42,0.0,83.2,,,scaling_laws_herding_report/raw_results.csv
herding,mnli,microsoft/deberta-v3-base,50,150,150,accuracy,0.4914246901001868,0.04880092659200119,0.4914246901001868,0.04880092659200119,,,,,1,42,0.0,80.3,,,scaling_laws_herding_report/raw_results.csv
herding,mnli,microsoft/deberta-v3-base,100,300,300,accuracy,0.7254881983358805,0.009644263917235857,0.7254881983358805,0.009644263917235857,,,,,1,42,0.0,86.0,,,scaling_laws_herding_report/raw_results.csv
herding,mnli,microsoft/deberta-v3-base,500,1500,1500,accuracy,0.8100866021395823,0.009945480343823476,0.8100866021395823,0.009945480343823476,,,,,1,42,0.0,93.2,,,scaling_laws_herding_report/raw_results.csv
herding,mnli,microsoft/deberta-v3-base,1000,3000,3000,accuracy,0.8342672779758873,0.0032702063147456435,0.8342672779758873,0.0032702063147456435,,,,,1,42,0.0,91.4,,,scaling_laws_herding_report/raw_results.csv
herding,mnli,roberta-base,1,3,3,accuracy,0.3339446425539141,0.0069103350030998165,0.3339446425539141,0.0069103350030998165,,,,,1,42,0.0,42.5,,,scaling_laws_herding_report/raw_results.csv
herding,mnli,roberta-base,5,15,15,accuracy,0.3877058923416539,0.014643171358266807,0.3877058923416539,0.014643171358266807,,,,,1,42,0.0,42.0,,,scaling_laws_herding_report/raw_results.csv
herding,mnli,roberta-base,10,30,30,accuracy,0.3839021905247071,0.01935615901927945,0.3839021905247071,0.01935615901927945,,,,,1,42,0.0,43.3,,,scaling_laws_herding_report/raw_results.csv
herding,mnli,roberta-base,20,60,60,accuracy,0.41633554083885205,0.02856101854920454,0.41633554083885205,0.02856101854920454,,,,,1,42,205.3,49.3,,,scaling_laws_herding_report/raw_results.csv
herding,mnli,roberta-base,50,150,150,accuracy,0.5045678383426728,0.025130729287786594,0.5045678383426728,0.025130729287786594,,,,,1,42,754.6,48.9,,,scaling_laws_herding_report/raw_results.csv
herding,mnli,roberta-base,100,300,300,accuracy,0.5959925284428595,0.0257552287333573,0.5959925284428595,0.0257552287333573,,,,,1,42,929.0,49.9,,,scaling_laws_herding_report/raw_results.csv
herding,mnli,roberta-base,500,1500,1500,accuracy,0.7421633554083886,0.005746844574705103,0.7421633554083886,0.005746844574705103,,,,,1,42,2696.7,51.1,,,scaling_laws_herding_report/raw_results.csv
herding,mnli,roberta-base,1000,3000,3000,accuracy,0.7746985905926304,0.004692852459421611,0.7746985905926304,0.004692852459421611,,,,,1,42,4877.9,52.2,,,scaling_laws_herding_report/raw_results.csv
herding,mnli,roberta-large,1,3,3,accuracy,0.3290202071659025,0.004326876089966519,0.3290202071659025,0.004326876089966519,,,,,1,42,0.0,83.2,,,scaling_laws_herding_report/raw_results.csv
herding,mnli,roberta-large,5,15,15,accuracy,0.3715061979962642,0.010492767677950088,0.3715061979962642,0.010492767677950088,,,,,1,42,0.0,83.3,,,scaling_laws_herding_report/raw_results.csv
herding,mnli,roberta-large,10,30,30,accuracy,0.36702326371200544,0.01909797096119772,0.36702326371200544,0.01909797096119772,,,,,1,42,0.0,83.3,,,scaling_laws_herding_report/raw_results.csv
herding,mnli,roberta-large,20,60,60,accuracy,0.5110545084055018,0.04480950177638285,0.5110545084055018,0.04480950177638285,,,,,1,42,108.0,97.2,,,scaling_laws_herding_report/raw_results.csv
herding,mnli,roberta-large,50,150,150,accuracy,0.5749023603328239,0.04298304664954394,0.5749023603328239,0.04298304664954394,,,,,1,42,706.7,101.0,,,scaling_laws_herding_report/raw_results.csv
herding,mnli,roberta-large,100,300,300,accuracy,0.6746816097809476,0.05415491539259435,0.6746816097809476,0.05415491539259435,,,,,1,42,877.0,111.5,,,scaling_laws_herding_report/raw_results.csv
herding,mnli,roberta-large,500,1500,1500,accuracy,0.798981151299032,0.0018358134490391435,0.798981151299032,0.0018358134490391435,,,,,1,42,2635.0,115.1,,,scaling_laws_herding_report/raw_results.csv
herding,mnli,roberta-large,1000,3000,3000,accuracy,0.7958227203260316,0.042294126441068086,0.7958227203260316,0.042294126441068086,,,,,1,42,4814.0,112.8,,,scaling_laws_herding_report/raw_results.csv
herding,mnli,xlnet-base-cased,1,3,3,accuracy,0.3505179147563253,0.00954255141329741,0.3505179147563253,0.00954255141329741,,,,,1,42,0.0,99.6,,,scaling_laws_herding_report/raw_results.csv
herding,mnli,xlnet-base-cased,5,15,15,accuracy,0.3805060281881474,0.013665829775423985,0.3805060281881474,0.013665829775423985,,,,,1,42,0.0,103.0,,,scaling_laws_herding_report/raw_results.csv
herding,mnli,xlnet-base-cased,10,30,30,accuracy,0.3682798437765325,0.011719073160775523,0.3682798437765325,0.011719073160775523,,,,,1,42,0.0,106.9,,,scaling_laws_herding_report/raw_results.csv
herding,mnli,xlnet-base-cased,20,60,60,accuracy,0.40927152317880794,0.007000214756210698,0.40927152317880794,0.007000214756210698,,,,,1,42,0.0,112.9,,,scaling_laws_herding_report/raw_results.csv
herding,mnli,xlnet-base-cased,50,150,150,accuracy,0.43358804550857527,0.02535293757697904,0.43358804550857527,0.02535293757697904,,,,,1,42,0.0,115.5,,,scaling_laws_herding_report/raw_results.csv
herding,mnli,xlnet-base-cased,100,300,300,accuracy,0.5403633893700119,0.013517920676688186,0.5403633893700119,0.013517920676688186,,,,,1,42,0.0,123.4,,,scaling_laws_herding_report/raw_results.csv
herding,mnli,xlnet-base-cased,500,1500,1500,accuracy,0.6943793513329938,0.005663145248392514,0.6943793513329938,0.005663145248392514,,,,,1,42,0.0,129.4,,,scaling_laws_herding_report/raw_results.csv
herding,mnli,xlnet-base-cased,1000,3000,3000,accuracy,0.7385973849550008,0.005248362072053282,0.7385973849550008,0.005248362072053282,,,,,1,42,0.0,128.2,,,scaling_laws_herding_report/raw_results.csv
herding,qqp,albert-base-v2,1,2,2,combined_score,0.49673637553148603,0.007455356700280654,,,0.49673637553148603,0.007455356700280654,,,1,42,0.0,91.0,,,scaling_laws_herding_report/raw_results.csv
herding,qqp,albert-base-v2,5,10,10,combined_score,0.5711118871483497,0.021125557111760795,,,0.5711118871483497,0.021125557111760795,,,1,42,0.0,92.4,,,scaling_laws_herding_report/raw_results.csv
herding,qqp,albert-base-v2,10,20,20,combined_score,0.6329877087768029,0.014725038139018896,,,0.6329877087768029,0.014725038139018896,,,1,42,0.0,93.2,,,scaling_laws_herding_report/raw_results.csv
herding,qqp,albert-base-v2,20,40,40,combined_score,0.6771633666525806,0.0027289204980358336,,,0.6771633666525806,0.0027289204980358336,,,1,42,259.9,99.4,,,scaling_laws_herding_report/raw_results.csv
herding,qqp,albert-base-v2,50,100,100,combined_score,0.6493570224635291,0.03409241442200588,,,0.6493570224635291,0.03409241442200588,,,1,42,727.8,106.5,,,scaling_laws_herding_report/raw_results.csv
herding,qqp,albert-base-v2,100,200,200,combined_score,0.6372922876919397,0.05101961434210817,,,0.6372922876919397,0.05101961434210817,,,1,42,922.3,108.6,,,scaling_laws_herding_report/raw_results.csv
herding,qqp,albert-base-v2,500,1000,1000,combined_score,0.7052782565043204,0.06492239124979507,,,0.7052782565043204,0.06492239124979507,,,1,42,2544.2,107.0,,,scaling_laws_herding_report/raw_results.csv
herding,qqp,albert-base-v2,1000,2000,2000,combined_score,0.7724046167536311,0.004162302855896084,,,0.7724046167536311,0.004162302855896084,,,1,42,4550.2,109.8,,,scaling_laws_herding_report/raw_results.csv
herding,qqp,bert-base-uncased,1,2,2,combined_score,0.530721140384509,0.03003942409124585,,,0.530721140384509,0.03003942409124585,,,1,42,653.2,87.4,,,scaling_laws_herding_report/raw_results.csv
herding,qqp,bert-base-uncased,5,10,10,combined_score,0.6172308232317758,0.027659621023863032,,,0.6172308232317758,0.027659621023863032,,,1,42,684.2,86.7,,,scaling_laws_herding_report/raw_results.csv
herding,qqp,bert-base-uncased,10,20,20,combined_score,0.5800836276817013,0.0066280162767541504,,,0.5800836276817013,0.0066280162767541504,,,1,42,599.1,75.7,,,scaling_laws_herding_report/raw_results.csv
herding,qqp,bert-base-uncased,20,40,40,combined_score,0.6477206940661198,0.013348005318241787,,,0.6477206940661198,0.013348005318241787,,,1,42,612.1,78.6,,,scaling_laws_herding_report/raw_results.csv
herding,qqp,bert-base-uncased,50,100,100,combined_score,0.660214795378418,0.006978054794380023,,,0.660214795378418,0.006978054794380023,,,1,42,748.5,84.6,,,scaling_laws_herding_report/raw_results.csv
herding,qqp,bert-base-uncased,100,200,200,combined_score,0.670854751165708,0.0063400171024494785,,,0.670854751165708,0.0063400171024494785,,,1,42,944.2,83.3,,,scaling_laws_herding_report/raw_results.csv
herding,qqp,bert-base-uncased,500,1000,1000,combined_score,0.729029270678725,0.005892503178152691,,,0.729029270678725,0.005892503178152691,,,1,42,2569.5,82.6,,,scaling_laws_herding_report/raw_results.csv
herding,qqp,bert-base-uncased,1000,2000,2000,combined_score,0.7399708189717474,0.013257698520684435,,,0.7399708189717474,0.013257698520684435,,,1,42,4574.6,86.4,,,scaling_laws_herding_report/raw_results.csv
herding,qqp,bert-large-uncased,1,2,2,combined_score,0.48124419986221884,0.05952867262866289,,,0.48124419986221884,0.05952867262866289,,,1,42,0.0,139.7,,,scaling_laws_herding_report/raw_results.csv
herding,qqp,bert-large-uncased,5,10,10,combined_score,0.6156195798839799,0.04086876566281322,,,0.6156195798839799,0.04086876566281322,,,1,42,0.0,139.5,,,scaling_laws_herding_report/raw_results.csv
herding,qqp,bert-large-uncased,10,20,20,combined_score,0.6345518845189074,0.01514620996195045,,,0.6345518845189074,0.01514620996195045,,,1,42,0.0,139.6,,,scaling_laws_herding_report/raw_results.csv
herding,qqp,bert-large-uncased,20,40,40,combined_score,0.6173430791103861,0.04299419972365373,,,0.6173430791103861,0.04299419972365373,,,1,42,0.0,142.5,,,scaling_laws_herding_report/raw_results.csv
herding,qqp,bert-large-uncased,50,100,100,combined_score,0.6596171344515458,0.008478292399651529,,,0.6596171344515458,0.008478292399651529,,,1,42,0.0,156.3,,,scaling_laws_herding_report/raw_results.csv
herding,qqp,bert-large-uncased,100,200,200,combined_score,0.6774556508517436,0.006453998882204912,,,0.6774556508517436,0.006453998882204912,,,1,42,0.0,157.1,,,scaling_laws_herding_report/raw_results.csv
herding,qqp,bert-large-uncased,500,1000,1000,combined_score,0.6390800594445738,0.13151045382687873,,,0.6390800594445738,0.13151045382687873,,,1,42,0.0,154.6,,,scaling_laws_herding_report/raw_results.csv
herding,qqp,bert-large-uncased,1000,2000,2000,combined_score,0.7685089524072465,0.0020626666244036094,,,0.7685089524072465,0.0020626666244036094,,,1,42,0.0,152.5,,,scaling_laws_herding_report/raw_results.csv
herding,qqp,microsoft/deberta-v3-base,1,2,2,combined_score,0.6125779961835875,0.02491478687078687,,,0.6125779961835875,0.02491478687078687,,,1,42,0.0,119.7,,,scaling_laws_herding_report/raw_results.csv
herding,qqp,microsoft/deberta-v3-base,5,10,10,combined_score,0.6238423621737864,0.04248186282894335,,,0.6238423621737864,0.04248186282894335,,,1,42,0.0,120.2,,,scaling_laws_herding_report/raw_results.csv
herding,qqp,microsoft/deberta-v3-base,10,20,20,combined_score,0.6415958724820835,0.04270322534858726,,,0.6415958724820835,0.04270322534858726,,,1,42,0.0,115.7,,,scaling_laws_herding_report/raw_results.csv
herding,qqp,microsoft/deberta-v3-base,20,40,40,combined_score,0.7028759024883628,0.011089102905036022,,,0.7028759024883628,0.011089102905036022,,,1,42,0.0,119.1,,,scaling_laws_herding_report/raw_results.csv
herding,qqp,microsoft/deberta-v3-base,50,100,100,combined_score,0.6840315652037576,0.028672101108364868,,,0.6840315652037576,0.028672101108364868,,,1,42,0.0,124.8,,,scaling_laws_herding_report/raw_results.csv
herding,qqp,microsoft/deberta-v3-base,100,200,200,combined_score,0.7389445283599262,0.017141358403757526,,,0.7389445283599262,0.017141358403757526,,,1,42,0.0,126.7,,,scaling_laws_herding_report/raw_results.csv
herding,qqp,microsoft/deberta-v3-base,500,1000,1000,combined_score,0.7975174765914712,0.002488156282311829,,,0.7975174765914712,0.002488156282311829,,,1,42,0.0,125.9,,,scaling_laws_herding_report/raw_results.csv
herding,qqp,microsoft/deberta-v3-base,1000,2000,2000,combined_score,0.8106622863350141,0.0007569596565252635,,,0.8106622863350141,0.0007569596565252635,,,1,42,0.0,125.8,,,scaling_laws_herding_report/raw_results.csv
herding,qqp,roberta-base,1,2,2,combined_score,0.5434410028102162,0.003963733195733066,,,0.5434410028102162,0.003963733195733066,,,1,42,0.0,71.3,,,scaling_laws_herding_report/raw_results.csv
herding,qqp,roberta-base,5,10,10,combined_score,0.6276776195706729,0.018031809819662587,,,0.6276776195706729,0.018031809819662587,,,1,42,0.0,69.1,,,scaling_laws_herding_report/raw_results.csv
herding,qqp,roberta-base,10,20,20,combined_score,0.6535325338837173,0.02045008571161891,,,0.6535325338837173,0.02045008571161891,,,1,42,0.0,71.8,,,scaling_laws_herding_report/raw_results.csv
herding,qqp,roberta-base,20,40,40,combined_score,0.6443658345483846,0.018884236284308586,,,0.6443658345483846,0.018884236284308586,,,1,42,0.0,75.0,,,scaling_laws_herding_report/raw_results.csv
herding,qqp,roberta-base,50,100,100,combined_score,0.6717872152428187,0.0067145833286531295,,,0.6717872152428187,0.0067145833286531295,,,1,42,0.0,79.0,,,scaling_laws_herding_report/raw_results.csv
herding,qqp,roberta-base,100,200,200,combined_score,0.6944970179323899,0.017026130090768882,,,0.6944970179323899,0.017026130090768882,,,1,42,0.0,75.8,,,scaling_laws_herding_report/raw_results.csv
herding,qqp,roberta-base,500,1000,1000,combined_score,0.7538324444505653,0.011064252807495043,,,0.7538324444505653,0.011064252807495043,,,1,42,0.0,77.0,,,scaling_laws_herding_report/raw_results.csv
herding,qqp,roberta-base,1000,2000,2000,combined_score,0.7788649658700475,0.005025566683110315,,,0.7788649658700475,0.005025566683110315,,,1,42,0.0,76.2,,,scaling_laws_herding_report/raw_results.csv
herding,qqp,roberta-large,1,2,2,combined_score,0.386455194717219,0.05052186353528131,,,0.386455194717219,0.05052186353528131,,,1,42,0.0,134.0,,,scaling_laws_herding_report/raw_results.csv
herding,qqp,roberta-large,5,10,10,combined_score,0.555581076184085,0.04808339264780506,,,0.555581076184085,0.04808339264780506,,,1,42,0.0,129.5,,,scaling_laws_herding_report/raw_results.csv
herding,qqp,roberta-large,10,20,20,combined_score,0.6144627518534294,0.04614720578443074,,,0.6144627518534294,0.04614720578443074,,,1,42,0.0,130.5,,,scaling_laws_herding_report/raw_results.csv
herding,qqp,roberta-large,20,40,40,combined_score,0.6424247844949176,0.040076400939343206,,,0.6424247844949176,0.040076400939343206,,,1,42,0.0,133.9,,,scaling_laws_herding_report/raw_results.csv
herding,qqp,roberta-large,50,100,100,combined_score,0.6380513326687365,0.014858565243598578,,,0.6380513326687365,0.014858565243598578,,,1,42,0.0,148.6,,,scaling_laws_herding_report/raw_results.csv
herding,qqp,roberta-large,100,200,200,combined_score,0.7012788580173751,0.03272583134099383,,,0.7012788580173751,0.03272583134099383,,,1,42,0.0,152.8,,,scaling_laws_herding_report/raw_results.csv
herding,qqp,roberta-large,500,1000,1000,combined_score,0.6601831922515224,0.14644068462187582,,,0.6601831922515224,0.14644068462187582,,,1,42,0.0,147.9,,,scaling_laws_herding_report/raw_results.csv
herding,qqp,roberta-large,1000,2000,2000,combined_score,0.5674196726528425,0.16156101492381217,,,0.5674196726528425,0.16156101492381217,,,1,42,0.0,147.7,,,scaling_laws_herding_report/raw_results.csv
herding,qqp,xlnet-base-cased,1,2,2,combined_score,0.4991390246406584,0.014562158411291166,,,0.4991390246406584,0.014562158411291166,,,1,42,0.0,177.0,,,scaling_laws_herding_report/raw_results.csv
herding,qqp,xlnet-base-cased,5,10,10,combined_score,0.5568303298563487,0.015815034013938606,,,0.5568303298563487,0.015815034013938606,,,1,42,0.0,177.7,,,scaling_laws_herding_report/raw_results.csv
herding,qqp,xlnet-base-cased,10,20,20,combined_score,0.6003786149199594,0.006909421362805087,,,0.6003786149199594,0.006909421362805087,,,1,42,0.0,174.6,,,scaling_laws_herding_report/raw_results.csv
herding,qqp,xlnet-base-cased,20,40,40,combined_score,0.6236847355175487,0.01830557775044957,,,0.6236847355175487,0.01830557775044957,,,1,42,0.0,184.0,,,scaling_laws_herding_report/raw_results.csv
herding,qqp,xlnet-base-cased,50,100,100,combined_score,0.6333020161981374,0.008220537177510664,,,0.6333020161981374,0.008220537177510664,,,1,42,0.0,190.3,,,scaling_laws_herding_report/raw_results.csv
herding,qqp,xlnet-base-cased,100,200,200,combined_score,0.6668583686479123,0.0031798788619209115,,,0.6668583686479123,0.0031798788619209115,,,1,42,0.0,190.2,,,scaling_laws_herding_report/raw_results.csv
herding,qqp,xlnet-base-cased,500,1000,1000,combined_score,0.729449310768563,0.01477168934825563,,,0.729449310768563,0.01477168934825563,,,1,42,0.0,192.1,,,scaling_laws_herding_report/raw_results.csv
herding,qqp,xlnet-base-cased,1000,2000,2000,combined_score,0.7544328895515164,0.0038396884866591157,,,0.7544328895515164,0.0038396884866591157,,,1,42,0.0,191.6,,,scaling_laws_herding_report/raw_results.csv
herding,sst2,albert-base-v2,1,2,2,accuracy,0.4919724770642202,0.0024773473617767244,0.4919724770642202,0.0024773473617767244,,,,,1,42,84.6,21.6,,,scaling_laws_herding_report/raw_results.csv
herding,sst2,albert-base-v2,5,10,10,accuracy,0.6402905198776758,0.044948017017855287,0.6402905198776758,0.044948017017855287,,,,,1,42,84.3,21.2,,,scaling_laws_herding_report/raw_results.csv
herding,sst2,albert-base-v2,10,20,20,accuracy,0.6701070336391437,0.05435935730268049,0.6701070336391437,0.05435935730268049,,,,,1,42,86.1,21.8,,,scaling_laws_herding_report/raw_results.csv
herding,sst2,albert-base-v2,20,40,40,accuracy,0.7041284403669725,0.02363238763925646,0.7041284403669725,0.02363238763925646,,,,,1,42,87.0,24.0,,,scaling_laws_herding_report/raw_results.csv
herding,sst2,albert-base-v2,50,100,100,accuracy,0.7897553516819572,0.025025821564729253,0.7897553516819572,0.025025821564729253,,,,,1,42,111.7,33.4,,,scaling_laws_herding_report/raw_results.csv
herding,sst2,albert-base-v2,100,200,200,accuracy,0.8038990825688074,0.0227052636160818,0.8038990825688074,0.0227052636160818,,,,,1,42,154.4,27.9,,,scaling_laws_herding_report/raw_results.csv
herding,sst2,albert-base-v2,500,1000,1000,accuracy,0.816131498470948,0.03541249412238065,0.816131498470948,0.03541249412238065,,,,,1,42,495.6,34.7,,,scaling_laws_herding_report/raw_results.csv
herding,sst2,albert-base-v2,1000,2000,2000,accuracy,0.8524464831804281,0.018499317480982963,0.8524464831804281,0.018499317480982963,,,,,1,42,881.4,27.7,,,scaling_laws_herding_report/raw_results.csv
herding,sst2,bert-base-uncased,1,2,2,accuracy,0.5955657492354739,0.028436872956264955,0.5955657492354739,0.028436872956264955,,,,,1,42,91.4,26.3,,,scaling_laws_herding_report/raw_results.csv
herding,sst2,bert-base-uncased,5,10,10,accuracy,0.7293577981651377,0.04610985505280896,0.7293577981651377,0.04610985505280896,,,,,1,42,79.7,24.7,,,scaling_laws_herding_report/raw_results.csv
herding,sst2,bert-base-uncased,10,20,20,accuracy,0.7373853211009175,0.037489068256713956,0.7373853211009175,0.037489068256713956,,,,,1,42,82.6,25.2,,,scaling_laws_herding_report/raw_results.csv
herding,sst2,bert-base-uncased,20,40,40,accuracy,0.7335626911314984,0.0014302971661979962,0.7335626911314984,0.0014302971661979962,,,,,1,42,83.5,27.1,,,scaling_laws_herding_report/raw_results.csv
herding,sst2,bert-base-uncased,50,100,100,accuracy,0.8348623853211009,0.005847499442193536,0.8348623853211009,0.005847499442193536,,,,,1,42,108.8,37.4,,,scaling_laws_herding_report/raw_results.csv
herding,sst2,bert-base-uncased,100,200,200,accuracy,0.8191896024464832,0.022243633831767834,0.8191896024464832,0.022243633831767834,,,,,1,42,150.2,31.3,,,scaling_laws_herding_report/raw_results.csv
herding,sst2,bert-base-uncased,500,1000,1000,accuracy,0.882262996941896,0.0028605943323959824,0.882262996941896,0.0028605943323959824,,,,,1,42,492.1,39.4,,,scaling_laws_herding_report/raw_results.csv
herding,sst2,bert-base-uncased,1000,2000,2000,accuracy,0.889525993883792,0.00235642737116553,0.889525993883792,0.00235642737116553,,,,,1,42,876.6,30.4,,,scaling_laws_herding_report/raw_results.csv
herding,sst2,bert-large-uncased,1,2,2,accuracy,0.5657492354740062,0.013708272994679747,0.5657492354740062,0.013708272994679747,,,,,1,42,81.2,55.2,,,scaling_laws_herding_report/raw_results.csv
herding,sst2,bert-large-uncased,5,10,10,accuracy,0.636467889908257,0.053519549952192824,0.636467889908257,0.053519549952192824,,,,,1,42,50.7,53.1,,,scaling_laws_herding_report/raw_results.csv
herding,sst2,bert-large-uncased,10,20,20,accuracy,0.7190366972477064,0.04080377723545228,0.7190366972477064,0.04080377723545228,,,,,1,42,54.3,52.9,,,scaling_laws_herding_report/raw_results.csv
herding,sst2,bert-large-uncased,20,40,40,accuracy,0.7748470948012233,0.05558740167772126,0.7748470948012233,0.05558740167772126,,,,,1,42,55.9,53.6,,,scaling_laws_herding_report/raw_results.csv
herding,sst2,bert-large-uncased,50,100,100,accuracy,0.6227064220183486,0.17369468618423894,0.6227064220183486,0.17369468618423894,,,,,1,42,82.2,59.7,,,scaling_laws_herding_report/raw_results.csv
herding,sst2,bert-large-uncased,100,200,200,accuracy,0.881880733944954,0.00893220294002135,0.881880733944954,0.00893220294002135,,,,,1,42,128.1,55.2,,,scaling_laws_herding_report/raw_results.csv
herding,sst2,bert-large-uncased,500,1000,1000,accuracy,0.9078746177370031,0.005406015146686137,0.9078746177370031,0.005406015146686137,,,,,1,42,468.3,64.2,,,scaling_laws_herding_report/raw_results.csv
herding,sst2,bert-large-uncased,1000,2000,2000,accuracy,0.8776758409785933,0.05388959293562435,0.8776758409785933,0.05388959293562435,,,,,1,42,851.7,56.0,,,scaling_laws_herding_report/raw_results.csv
herding,sst2,microsoft/deberta-v3-base,1,2,2,accuracy,0.6303516819571865,0.01433358811869469,0.6303516819571865,0.01433358811869469,,,,,1,42,0.0,54.5,,,scaling_laws_herding_report/raw_results.csv
herding,sst2,microsoft/deberta-v3-base,5,10,10,accuracy,0.6368501529051988,0.09998497722170081,0.6368501529051988,0.09998497722170081,,,,,1,42,0.0,48.7,,,scaling_laws_herding_report/raw_results.csv
herding,sst2,microsoft/deberta-v3-base,10,20,20,accuracy,0.8310397553516818,0.03083324897565106,0.8310397553516818,0.03083324897565106,,,,,1,42,0.0,46.9,,,scaling_laws_herding_report/raw_results.csv
herding,sst2,microsoft/deberta-v3-base,20,40,40,accuracy,0.7542048929663608,0.07308524616684531,0.7542048929663608,0.07308524616684531,,,,,1,42,0.0,47.9,,,scaling_laws_herding_report/raw_results.csv
herding,sst2,microsoft/deberta-v3-base,50,100,100,accuracy,0.7928134556574924,0.04872916201827971,0.7928134556574924,0.04872916201827971,,,,,1,42,0.0,50.4,,,scaling_laws_herding_report/raw_results.csv
herding,sst2,microsoft/deberta-v3-base,100,200,200,accuracy,0.8891437308868501,0.0038983329614623577,0.8891437308868501,0.0038983329614623577,,,,,1,42,0.0,49.7,,,scaling_laws_herding_report/raw_results.csv
herding,sst2,microsoft/deberta-v3-base,500,1000,1000,accuracy,0.9204892966360857,0.003784210602680324,0.9204892966360857,0.003784210602680324,,,,,1,42,0.0,52.4,,,scaling_laws_herding_report/raw_results.csv
herding,sst2,microsoft/deberta-v3-base,1000,2000,2000,accuracy,0.9373088685015291,0.005157009771877692,0.9373088685015291,0.005157009771877692,,,,,1,42,0.0,51.0,,,scaling_laws_herding_report/raw_results.csv
herding,sst2,roberta-base,1,2,2,accuracy,0.6085626911314984,0.005406015146686189,0.6085626911314984,0.005406015146686189,,,,,1,42,84.2,27.3,,,scaling_laws_herding_report/raw_results.csv
herding,sst2,roberta-base,5,10,10,accuracy,0.757645259938838,0.038723826489691346,0.757645259938838,0.038723826489691346,,,,,1,42,78.7,26.1,,,scaling_laws_herding_report/raw_results.csv
herding,sst2,roberta-base,10,20,20,accuracy,0.7003058103975534,0.021542817742515888,0.7003058103975534,0.021542817742515888,,,,,1,42,81.2,25.8,,,scaling_laws_herding_report/raw_results.csv
herding,sst2,roberta-base,20,40,40,accuracy,0.6934250764525993,0.030662163043051204,0.6934250764525993,0.030662163043051204,,,,,1,42,83.0,27.2,,,scaling_laws_herding_report/raw_results.csv
herding,sst2,roberta-base,50,100,100,accuracy,0.8260703363914373,0.016118630460480145,0.8260703363914373,0.016118630460480145,,,,,1,42,108.4,36.6,,,scaling_laws_herding_report/raw_results.csv
herding,sst2,roberta-base,100,200,200,accuracy,0.860474006116208,0.03287017251789857,0.860474006116208,0.03287017251789857,,,,,1,42,151.4,30.2,,,scaling_laws_herding_report/raw_results.csv
herding,sst2,roberta-base,500,1000,1000,accuracy,0.8910550458715596,0.0018726985801094521,0.8910550458715596,0.0018726985801094521,,,,,1,42,493.3,38.2,,,scaling_laws_herding_report/raw_results.csv
herding,sst2,roberta-base,1000,2000,2000,accuracy,0.9032874617737002,0.007027819690692,0.9032874617737002,0.007027819690692,,,,,1,42,877.7,27.9,,,scaling_laws_herding_report/raw_results.csv
herding,sst2,roberta-large,1,2,2,accuracy,0.5359327217125381,0.03558537958023554,0.5359327217125381,0.03558537958023554,,,,,1,42,82.9,54.5,,,scaling_laws_herding_report/raw_results.csv
herding,sst2,roberta-large,5,10,10,accuracy,0.6376146788990825,0.027089476630774583,0.6376146788990825,0.027089476630774583,,,,,1,42,51.3,52.6,,,scaling_laws_herding_report/raw_results.csv
herding,sst2,roberta-large,10,20,20,accuracy,0.7511467889908258,0.019461654528070103,0.7511467889908258,0.019461654528070103,,,,,1,42,54.8,53.6,,,scaling_laws_herding_report/raw_results.csv
herding,sst2,roberta-large,20,40,40,accuracy,0.7515290519877675,0.03699863496196597,0.7515290519877675,0.03699863496196597,,,,,1,42,55.2,54.0,,,scaling_laws_herding_report/raw_results.csv
herding,sst2,roberta-large,50,100,100,accuracy,0.849006116207951,0.014055639381384,0.849006116207951,0.014055639381384,,,,,1,42,81.8,59.3,,,scaling_laws_herding_report/raw_results.csv
herding,sst2,roberta-large,100,200,200,accuracy,0.8864678899082569,0.012597291325140769,0.8864678899082569,0.012597291325140769,,,,,1,42,128.4,55.7,,,scaling_laws_herding_report/raw_results.csv
herding,sst2,roberta-large,500,1000,1000,accuracy,0.8704128440366973,0.03920386126014194,0.8704128440366973,0.03920386126014194,,,,,1,42,467.8,63.6,,,scaling_laws_herding_report/raw_results.csv
herding,sst2,roberta-large,1000,2000,2000,accuracy,0.6391437308868502,0.19692147594860107,0.6391437308868502,0.19692147594860107,,,,,1,42,852.4,56.8,,,scaling_laws_herding_report/raw_results.csv
herding,sst2,xlnet-base-cased,1,2,2,accuracy,0.6162079510703363,0.016653685711614612,0.6162079510703363,0.016653685711614612,,,,,1,42,0.0,51.9,,,scaling_laws_herding_report/raw_results.csv
herding,sst2,xlnet-base-cased,5,10,10,accuracy,0.6353211009174312,0.02819950786163299,0.6353211009174312,0.02819950786163299,,,,,1,42,0.0,47.9,,,scaling_laws_herding_report/raw_results.csv
herding,sst2,xlnet-base-cased,10,20,20,accuracy,0.6307339449541285,0.08841934000803307,0.6307339449541285,0.08841934000803307,,,,,1,42,0.0,47.7,,,scaling_laws_herding_report/raw_results.csv
herding,sst2,xlnet-base-cased,20,40,40,accuracy,0.7404434250764526,0.041941062646618496,0.7404434250764526,0.041941062646618496,,,,,1,42,0.0,51.4,,,scaling_laws_herding_report/raw_results.csv
herding,sst2,xlnet-base-cased,50,100,100,accuracy,0.8528287461773699,0.020435881352635542,0.8528287461773699,0.020435881352635542,,,,,1,42,0.0,52.2,,,scaling_laws_herding_report/raw_results.csv
herding,sst2,xlnet-base-cased,100,200,200,accuracy,0.8650611620795107,0.00937908573882667,0.8650611620795107,0.00937908573882667,,,,,1,42,0.0,51.6,,,scaling_laws_herding_report/raw_results.csv
herding,sst2,xlnet-base-cased,500,1000,1000,accuracy,0.8990825688073394,0.0018726985801094521,0.8990825688073394,0.0018726985801094521,,,,,1,42,0.0,56.8,,,scaling_laws_herding_report/raw_results.csv
herding,sst2,xlnet-base-cased,1000,2000,2000,accuracy,0.9063455657492355,0.0032883506372487488,0.9063455657492355,0.0032883506372487488,,,,,1,42,0.0,55.6,,,scaling_laws_herding_report/raw_results.csv
embedding_distillation,ag_news,bert-base-uncased,1,4,4,accuracy,0.6271754374106725,0.0166969809908935,0.6271754374106725,0.0166969809908935,,,0.2647633344016154,0.09654486384392962,,,,,1099.85576,5,results/emdebding_distilation/metrics.csv
embedding_distillation,ag_news,bert-base-uncased,1,4,4,macro_f1,0.2647633344016154,0.09654486384392962,0.6271754374106725,0.0166969809908935,,,0.2647633344016154,0.09654486384392962,,,,,1099.85576,5,results/emdebding_distilation/metrics.csv
embedding_distillation,ag_news,bert-base-uncased,2,8,8,accuracy,0.6972105304400126,0.013758190226892316,0.6972105304400126,0.013758190226892316,,,0.23750171564333286,0.027214048494071576,,,,,1090.20666,5,results/emdebding_distilation/metrics.csv
embedding_distillation,ag_news,bert-base-uncased,2,8,8,macro_f1,0.23750171564333286,0.027214048494071576,0.6972105304400126,0.013758190226892316,,,0.23750171564333286,0.027214048494071576,,,,,1090.20666,5,results/emdebding_distilation/metrics.csv
embedding_distillation,ag_news,bert-base-uncased,3,12,12,accuracy,0.67742982308069863,0.005092794008331069,0.67742982308069863,0.005092794008331069,,,0.20225021334455137,0.01966287898713906,,,,,1103.50428,5,results/emdebding_distilation/metrics.csv
embedding_distillation,ag_news,bert-base-uncased,3,12,12,macro_f1,0.20225021334455137,0.01966287898713906,0.67742982308069863,0.005092794008331069,,,0.20225021334455137,0.01966287898713906,,,,,1103.50428,5,results/emdebding_distilation/metrics.csv
embedding_distillation,ag_news,bert-base-uncased,5,20,20,accuracy,0.69026315609614056,0.015164830332462226,0.69026315609614056,0.015164830332462226,,,0.20932999755145057,0.03716529381943075,,,,,1110.03871,5,results/emdebding_distilation/metrics.csv
embedding_distillation,ag_news,bert-base-uncased,5,20,20,macro_f1,0.20932999755145057,0.03716529381943075,0.69026315609614056,0.015164830332462226,,,0.20932999755145057,0.03716529381943075,,,,,1110.03871,5,results/emdebding_distilation/metrics.csv
embedding_distillation,ag_news,bert-base-uncased,10,40,40,accuracy,0.69318421483039856,0.01393721798746998,0.69318421483039856,0.01393721798746998,,,0.3349385759212123,0.06684440486090185,,,,,1386.15,5,results/emdebding_distilation/metrics.csv
embedding_distillation,ag_news,bert-base-uncased,10,40,40,macro_f1,0.3349385759212123,0.06684440486090185,0.69318421483039856,0.01393721798746998,,,0.3349385759212123,0.06684440486090185,,,,,1386.15,5,results/emdebding_distilation/metrics.csv
embedding_distillation,ag_news,bert-base-uncased,20,80,80,accuracy,0.61113157669703165,0.10437040146082284,0.61113157669703165,0.10437040146082284,,,0.36166641205774036,0.11054696608501141,,,,,2031.53941,5,results/emdebding_distilation/metrics.csv
embedding_distillation,ag_news,bert-base-uncased,20,80,80,macro_f1,0.36166641205774036,0.11054696608501141,0.61113157669703165,0.10437040146082284,,,0.36166641205774036,0.11054696608501141,,,,,2031.53941,5,results/emdebding_distilation/metrics.csv
